1,"2019-04-08 04:05:49",516,19201251132000,42.8416,-83.2722,38961,1
2,"2019-04-08 04:05:50",560,0000140000,42.8416,-83.2722,39464,1
3,"2019-04-08 04:05:50",597,32012824012711800,42.8416,-83.2722,40012,1
4,"2019-04-08 04:05:51",1057,0016000990,42.8416,-83.2722,40556,1
5,"2019-04-08 04:05:51",1069,0347000800,42.8416,-83.2722,41107,1
6,"2019-04-08 04:05:52",1071,1251201128000,42.8416,-83.2722,41652,1
7,"2019-04-08 04:05:52",1085,02999840000,42.8416,-83.2722,42197,1
8,"2019-04-08 04:05:53",1086,01381600000,42.8415,-83.2722,42745,1
9,"2019-04-08 04:05:53",133,126231128011480126165,42.8415,-83.2722,43291,1
10,"2019-04-08 04:05:54",118,621911921281525500,42.8415,-83.2722,43837,1
11,"2019-04-08 04:05:55",119,0072551272472380,42.8415,-83.2722,44392,1
12,"2019-04-08 04:05:55",125,00246144063239254,42.8415,-83.2722,44944,1
13,"2019-04-08 04:05:56",531,255255841281725565,42.8415,-83.2722,45493,1
14,"2019-04-08 04:05:56",532,000000246144,42.8415,-83.2722,46044,1
15,"2019-04-08 04:05:57",71,320000000,42.8415,-83.2722,46596,1
16,"2019-04-08 04:05:57",359,114127255160252470,42.8415,-83.2722,47142,1
17,"2019-04-08 04:05:58",514,42464809612600,42.8415,-83.2722,47684,1
18,"2019-04-08 04:05:58",516,19201251129000,42.8415,-83.2722,48236,1
19,"2019-04-08 04:05:59",534,226112106193130000,42.8415,-83.2722,48784,1
20,"2019-04-08 04:05:59",535,00000000,42.8415,-83.2722,49332,1
21,"2019-04-08 04:06:00",936,00000000,42.8415,-83.2722,49884,1
22,"2019-04-08 04:06:01",1045,002482388080,42.8415,-83.2722,50426,1
23,"2019-04-08 04:06:01",1200,2550128014400246,42.8415,-83.2722,50968,1
24,"2019-04-08 04:06:02",65,00000000,42.8415,-83.2722,51515,1
25,"2019-04-08 04:06:02",66,00000000,42.8415,-83.2722,52066,1
26,"2019-04-08 04:06:03",578,20104327223001,42.8415,-83.2722,52607,1
27,"2019-04-08 04:06:03",1034,1930497065548048,42.8415,-83.2722,53148,1
28,"2019-04-08 04:06:04",1068,1400008817600,42.8415,-83.2722,53696,1
29,"2019-04-08 04:06:04",145,25525412625011223480,42.8415,-83.2722,54247,1
30,"2019-04-08 04:06:05",130,126819248159128640,42.8415,-83.2722,54795,1
31,"2019-04-08 04:06:05",357,161954000000,42.8415,-83.2722,55349,1
32,"2019-04-08 04:06:06",133,126231128011396126165,42.8415,-83.2722,55901,1
33,"2019-04-08 04:06:07",535,00000000,42.8415,-83.2722,56447,1
34,"2019-04-08 04:06:07",133,126230128011848126164,42.8416,-83.2722,57002,1
35,"2019-04-08 04:06:08",118,621901921281525500,42.8416,-83.2722,57544,1
36,"2019-04-08 04:06:08",992,0000128000,42.8416,-83.2722,58099,1
37,"2019-04-08 04:06:09",133,1262301280114112126164,42.8416,-83.2722,58651,1
38,"2019-04-08 04:06:09",118,621901921281525500,42.8416,-83.2722,59195,1
39,"2019-04-08 04:06:10",818,1921731552445000,42.8416,-83.2722,59751,1
40,"2019-04-08 04:06:10",1109,00000000,42.8416,-83.2722,60303,1
41,"2019-04-08 04:06:11",118,621901921281525500,42.8416,-83.2722,60853,1
42,"2019-04-08 04:06:12",145,2552541262497129480,42.8416,-83.2722,61395,1
43,"2019-04-08 04:06:12",118,621901921281525500,42.8416,-83.2721,61947,1
44,"2019-04-08 04:06:13",560,0000140000,42.8416,-83.2721,62500,1
45,"2019-04-08 04:06:13",534,226112106193130000,42.8416,-83.2721,63052,1
46,"2019-04-08 04:06:14",342,1580003000,42.8416,-83.2721,63596,1
47,"2019-04-08 04:06:14",818,1921731552485000,42.8416,-83.2721,64148,1
48,"2019-04-08 04:06:15",535,00000000,42.8416,-83.2721,64692,1
49,"2019-04-08 04:06:15",71,320000000,42.8416,-83.2721,65242,1
50,"2019-04-08 04:06:16",145,2552541262468356480,42.8416,-83.2721,65784,1
51,"2019-04-08 04:06:17",514,42464809612600,42.8416,-83.2721,66326,1
52,"2019-04-08 04:06:17",118,621901921281525500,42.8416,-83.2721,66879,1
53,"2019-04-08 04:06:18",342,1570003000,42.8416,-83.2721,67427,1
54,"2019-04-08 04:06:18",592,12415855143211240,42.8416,-83.2721,67979,1
55,"2019-04-08 04:06:19",516,19201251129000,42.8416,-83.2721,68523,1
56,"2019-04-08 04:06:19",145,2552541262545126480,42.8416,-83.2721,69074,1
57,"2019-04-08 04:06:20",133,1262331280103240126164,42.8415,-83.2721,69622,1
58,"2019-04-08 04:06:20",357,3219540016000,42.8415,-83.2721,70175,1
59,"2019-04-08 04:06:21",133,1262211280119176126164,42.8415,-83.272,70731,1
60,"2019-04-08 04:06:21",512,00128571285700,42.8415,-83.272,71278,1
61,"2019-04-08 04:06:22",71,320000000,42.8415,-83.272,71834,1
62,"2019-04-08 04:06:23",66,00000000,42.8415,-83.272,72382,1
63,"2019-04-08 04:06:23",133,11736128063112126162,42.8415,-83.272,72924,1
64,"2019-04-08 04:06:24",818,19217315615000,42.8415,-83.272,73465,1
65,"2019-04-08 04:06:24",357,3219540016000,42.8414,-83.272,74019,1
66,"2019-04-08 04:06:25",535,17302531240193,42.8414,-83.272,74567,1
67,"2019-04-08 04:06:25",369,2044000000,42.8414,-83.272,75114,1
68,"2019-04-08 04:06:26",130,4582188159128640,42.8413,-83.272,75662,1
69,"2019-04-08 04:06:26",118,431471921281525500,42.8413,-83.272,76206,1
70,"2019-04-08 04:06:27",65,00000000,42.8413,-83.272,76756,1
71,"2019-04-08 04:06:27",71,320000000,42.8413,-83.272,77307,1
72,"2019-04-08 04:06:28",357,161954000000,42.8412,-83.272,77848,1
73,"2019-04-08 04:06:29",531,2552558401725065,42.8412,-83.272,78390,1
74,"2019-04-08 04:06:29",66,00000000,42.8412,-83.2719,78936,1
75,"2019-04-08 04:06:30",1109,00000000,42.8412,-83.2719,79486,1
76,"2019-04-08 04:06:30",535,00000000,42.8411,-83.272,80027,1
77,"2019-04-08 04:06:31",118,481071921281525500,42.841,-83.272,80570,1
78,"2019-04-08 04:06:31",936,00000000,42.841,-83.272,81112,1
79,"2019-04-08 04:06:32",133,1181031280244112126169,42.841,-83.272,81664,1
80,"2019-04-08 04:06:32",118,641921921281525500,42.841,-83.272,82206,1
81,"2019-04-08 04:06:33",535,0202023301820216,42.841,-83.2721,82762,1
82,"2019-04-08 04:06:33",71,320000000,42.841,-83.2721,83314,1
83,"2019-04-08 04:06:34",71,320000000,42.8409,-83.2722,83864,1
84,"2019-04-08 04:06:35",130,147819244159128640,42.8409,-83.2722,84406,1
85,"2019-04-08 04:06:35",133,136851280243240126162,42.8409,-83.2723,84948,1
86,"2019-04-08 04:06:36",130,1328200159128640,42.8409,-83.2723,85500,1
87,"2019-04-08 04:06:36",992,0000128000,42.8409,-83.2724,86055,1
88,"2019-04-08 04:06:37",516,19201251178000,42.8408,-83.2725,86605,1
89,"2019-04-08 04:06:37",535,23122321324,42.8408,-83.2725,87149,1
90,"2019-04-08 04:06:38",65,00000000,42.8408,-83.2726,87697,1
91,"2019-04-08 04:06:38",118,531671921281525500,42.8408,-83.2726,88242,1
92,"2019-04-08 04:06:39",130,86820140158128640,42.8408,-83.2727,88783,1
93,"2019-04-08 04:06:39",516,19292124344000,42.8408,-83.2727,89335,1
94,"2019-04-08 04:06:40",535,51024159544498,42.8408,-83.2728,89886,1
95,"2019-04-08 04:06:41",132,19009854700,42.8408,-83.2728,90434,1
96,"2019-04-08 04:06:41",359,1141287916026300,42.8407,-83.2729,90982,1
97,"2019-04-08 04:06:42",130,104819248158128640,42.8407,-83.2729,91527,1
98,"2019-04-08 04:06:42",71,320000000,42.8407,-83.273,92077,1
99,"2019-04-08 04:06:43",369,36108000000,42.8407,-83.2731,92629,1
100,"2019-04-08 04:06:43",535,8119811381068100,42.8407,-83.2731,93170,1
101,"2019-04-08 04:06:44",818,192173156225000,42.8406,-83.2732,93715,1
102,"2019-04-08 04:06:44",535,8204821281968204,42.8406,-83.2732,94265,1
103,"2019-04-08 04:06:45",818,192173156235000,42.8406,-83.2733,94814,1
104,"2019-04-08 04:06:46",71,320000000,42.8406,-83.2733,95364,1
105,"2019-04-08 04:06:46",118,621111921281525500,42.8406,-83.2734,95913,1
106,"2019-04-08 04:06:47",578,201043211222001,42.8406,-83.2734,96455,1
107,"2019-04-08 04:06:47",357,3219540016000,42.8406,-83.2735,97007,1
108,"2019-04-08 04:06:48",133,1201811280167176126162,42.8405,-83.2736,97556,1
109,"2019-04-08 04:06:48",516,19201251187000,42.8405,-83.2736,98103,1
110,"2019-04-08 04:06:49",118,53481921281525500,42.8405,-83.2737,98659,1
111,"2019-04-08 04:06:49",342,1590003000,42.8405,-83.2737,99207,1
112,"2019-04-08 04:06:50",133,1216112803280126166,42.8405,-83.2737,99758,1
113,"2019-04-08 04:06:50",516,192214125390000,42.8405,-83.2737,100302,1
114,"2019-04-08 04:06:51",359,114128191160261050,42.8405,-83.2738,100855,1
115,"2019-04-08 04:06:52",71,320000000,42.8405,-83.2738,101405,1
116,"2019-04-08 04:06:52",133,126187128016316126164,42.8405,-83.2738,101958,1
117,"2019-04-08 04:06:53",133,1262261280118112126164,42.8405,-83.2738,102501,1
118,"2019-04-08 04:06:53",992,0000128000,42.8406,-83.2739,103057,1
119,"2019-04-08 04:06:54",1045,1222121613870870,42.8406,-83.2739,103614,1
120,"2019-04-08 04:06:54",133,12741128040208126164,42.8406,-83.2739,104159,1
121,"2019-04-08 04:06:55",133,12625212809748126163,42.8407,-83.274,104711,1
122,"2019-04-08 04:06:55",357,161954000000,42.8407,-83.274,105266,1
123,"2019-04-08 04:06:56",359,1141283116026280,42.8407,-83.2741,105821,1
124,"2019-04-08 04:06:57",806,116022281292080200,42.8407,-83.2741,106368,1
125,"2019-04-08 04:06:57",535,10238102191023510209,42.8408,-83.2741,106919,1
126,"2019-04-08 04:06:58",1125,1312026923848325732,42.8408,-83.2741,107472,1
127,"2019-04-08 04:06:58",359,1141283160252540,42.8409,-83.2742,108027,1
128,"2019-04-08 04:06:59",1069,0333000800,42.8411,-83.2743,108582,1
129,"2019-04-08 04:06:59",145,255254126107121480,42.8411,-83.2743,109132,1
130,"2019-04-08 04:07:00",952,2552552552550000,42.8412,-83.2743,109678,1
131,"2019-04-08 04:07:00",145,25525412735218131480,42.8412,-83.2743,110231,1
132,"2019-04-08 04:07:01",359,1141281716026130,42.8413,-83.2744,110782,1
133,"2019-04-08 04:07:01",512,001272381281500,42.8413,-83.2744,111337,1
134,"2019-04-08 04:07:02",71,320000000,42.8414,-83.2745,111888,1
135,"2019-04-08 04:07:03",125,0661821123663239254,42.8414,-83.2745,112438,1
136,"2019-04-08 04:07:03",133,126891280255144126162,42.8416,-83.2746,112981,1
137,"2019-04-08 04:07:04",118,62331921281525500,42.8417,-83.2747,113535,1
138,"2019-04-08 04:07:04",534,2139919629130000,42.8417,-83.2747,114091,1
139,"2019-04-08 04:07:05",133,1252201280121208126162,42.8418,-83.2747,114643,1
140,"2019-04-08 04:07:05",66,00000000,42.8418,-83.2747,115194,1
141,"2019-04-08 04:07:06",535,6196613461756137,42.842,-83.2748,115751,1
142,"2019-04-08 04:07:06",130,948208159128640,42.842,-83.2748,116293,1
143,"2019-04-08 04:07:07",133,12453128036144126163,42.8421,-83.2749,116844,1
144,"2019-04-08 04:07:08",130,9282092158128640,42.8421,-83.2749,117394,1
145,"2019-04-08 04:07:08",535,410320432413174,42.8422,-83.275,117949,1
146,"2019-04-08 04:07:09",531,255255840185065,42.8422,-83.275,118500,1
147,"2019-04-08 04:07:09",145,255254122204203238480,42.8424,-83.2751,119050,1
148,"2019-04-08 04:07:10",76,169525500000,42.8425,-83.2753,119600,1
149,"2019-04-08 04:07:10",514,420516096126936,42.8425,-83.2753,120156,1
150,"2019-04-08 04:07:11",936,00000000,42.8426,-83.2754,120702,1
151,"2019-04-08 04:07:11",125,00240240063239254,42.8426,-83.2754,121252,1
152,"2019-04-08 04:07:12",133,1241871280158128126164,42.8427,-83.2755,121795,1
153,"2019-04-08 04:07:12",1085,031146530000,42.8427,-83.2755,122347,1
154,"2019-04-08 04:07:13",75,01922162162162161920,42.8429,-83.2756,122904,1
155,"2019-04-08 04:07:14",146,1111241112541516011167,42.8429,-83.2756,123452,1
156,"2019-04-08 04:07:14",133,12695128025280126163,42.843,-83.2756,124006,1
157,"2019-04-08 04:07:15",1045,175322817372187218,42.8431,-83.2757,124563,1
158,"2019-04-08 04:07:15",76,169525500000,42.8431,-83.2757,125117,1
159,"2019-04-08 04:07:16",71,320000000,42.8432,-83.2758,125671,1
160,"2019-04-08 04:07:16",1200,2550128011200248,42.8432,-83.2758,126217,1
161,"2019-04-08 04:07:17",118,621351921281525500,42.8433,-83.2759,126760,1
162,"2019-04-08 04:07:17",938,032000000,42.8433,-83.2759,127312,1
163,"2019-04-08 04:07:18",118,621281921281525500,42.8433,-83.2759,127865,1
164,"2019-04-08 04:07:19",535,1812418123189318101,42.8433,-83.2759,128409,1
165,"2019-04-08 04:07:19",1045,2124721623472547254,42.8434,-83.276,128962,1
166,"2019-04-08 04:07:20",133,1261821280158208126162,42.8434,-83.276,129516,1
167,"2019-04-08 04:07:20",597,32012824012711800,42.8434,-83.276,130071,1
168,"2019-04-08 04:07:21",535,19204192111918919201,42.8434,-83.2761,130628,1
169,"2019-04-08 04:07:21",534,2410148119130000,42.8434,-83.2761,131180,1
170,"2019-04-08 04:07:22",71,320000000,42.8434,-83.2761,131735,1
171,"2019-04-08 04:07:22",357,161954000000,42.8434,-83.2761,132286,1
172,"2019-04-08 04:07:23",119,232318221272472342,42.8434,-83.2761,132829,1
173,"2019-04-08 04:07:24",1069,02223000640,42.8434,-83.2761,133376,1
174,"2019-04-08 04:07:24",118,621461921281525500,42.8434,-83.2762,133929,1
175,"2019-04-08 04:07:25",359,114127239160252390,42.8434,-83.2762,134476,1
176,"2019-04-08 04:07:25",119,23119823127247253243,42.8433,-83.2762,135029,1
177,"2019-04-08 04:07:26",516,19201252231000,42.8433,-83.2761,135582,1
178,"2019-04-08 04:07:26",359,114127218160252110,42.8433,-83.2761,136137,1
179,"2019-04-08 04:07:27",818,192173156655000,42.8432,-83.2761,136686,1
180,"2019-04-08 04:07:27",535,1947193819381936,42.8432,-83.2761,137239,1
181,"2019-04-08 04:07:28",71,320000000,42.8432,-83.276,137789,1
182,"2019-04-08 04:07:29",535,18199181931819018183,42.8432,-83.276,138340,1
183,"2019-04-08 04:07:29",357,161954000000,42.8431,-83.276,138883,1
184,"2019-04-08 04:07:30",531,2552558401724765,42.8431,-83.276,139438,1
185,"2019-04-08 04:07:30",1109,00000000,42.843,-83.2759,139985,1
186,"2019-04-08 04:07:31",535,16231162271621116220,42.8429,-83.2758,140536,1
187,"2019-04-08 04:07:31",71,320000000,42.8429,-83.2758,141079,1
188,"2019-04-08 04:07:32",512,0012722112722100,42.8428,-83.2757,141634,1
189,"2019-04-08 04:07:32",535,1533152315271512,42.8428,-83.2757,142177,1
190,"2019-04-08 04:07:33",359,114127237160252340,42.8426,-83.2756,142728,1
191,"2019-04-08 04:07:33",118,621281921281525500,42.8426,-83.2756,143279,1
192,"2019-04-08 04:07:34",65,00000000,42.8425,-83.2755,143832,1
193,"2019-04-08 04:07:35",806,116021961292080200,42.8425,-83.2755,144385,1
194,"2019-04-08 04:07:35",118,621461921281525500,42.8424,-83.2754,144927,1
195,"2019-04-08 04:07:36",806,116021961292080200,42.8424,-83.2754,145480,1
196,"2019-04-08 04:07:36",592,128525565211440,42.8423,-83.2753,146033,1
197,"2019-04-08 04:07:37",535,61627236155719,42.8421,-83.2752,146586,1
198,"2019-04-08 04:07:37",1200,25501280224418490,42.8421,-83.2752,147136,1
199,"2019-04-08 04:07:38",118,7371921281525500,42.8419,-83.2751,147685,1
200,"2019-04-08 04:07:38",133,137240128085240126164,42.8419,-83.2751,148238,1
201,"2019-04-08 04:07:39",71,320000000,42.8418,-83.275,148789,1
202,"2019-04-08 04:07:39",597,32012824012711900,42.8418,-83.275,149345,1
203,"2019-04-08 04:07:40",806,116021931292080200,42.8416,-83.2748,149888,1
204,"2019-04-08 04:07:41",359,11412825216026640,42.8416,-83.2748,150440,1
205,"2019-04-08 04:07:41",1045,6292082131124811248,42.8415,-83.2747,150993,1
206,"2019-04-08 04:07:43",71,320000000,42.8413,-83.2747,151545,1
207,"2019-04-08 04:07:43",1200,255012809600249,42.8413,-83.2747,152100,1
208,"2019-04-08 04:07:43",357,161954000000,42.8412,-83.2745,152602,1
209,"2019-04-08 04:07:43",516,193441254126000,42.8412,-83.2745,153104,1
210,"2019-04-08 04:07:44",66,00000000,42.841,-83.2745,153615,1
211,"2019-04-08 04:07:44",516,19360125592000,42.841,-83.2745,154165,1
212,"2019-04-08 04:07:45",560,32600142000,42.8409,-83.2744,154707,1
213,"2019-04-08 04:07:45",71,320000000,42.8409,-83.2744,155256,1
214,"2019-04-08 04:07:46",357,161954000000,42.8407,-83.2743,155802,1
215,"2019-04-08 04:07:46",535,14188141821415814145,42.8407,-83.2743,156345,1
216,"2019-04-08 04:07:47",514,417200961261862,42.8405,-83.2742,156891,1
217,"2019-04-08 04:07:48",133,1261661280179112126163,42.8405,-83.2742,157446,1
218,"2019-04-08 04:07:48",532,00000025080,42.8404,-83.2741,157996,1
219,"2019-04-08 04:07:49",560,48600143000,42.8402,-83.274,158553,1
220,"2019-04-08 04:07:49",118,621311921281525500,42.8402,-83.274,159099,1
221,"2019-04-08 04:07:50",535,19149191501912119123,42.8401,-83.2739,159645,1
222,"2019-04-08 04:07:50",597,32012824012711800,42.8401,-83.2739,160198,1
223,"2019-04-08 04:07:51",514,416100961262467,42.8399,-83.2739,160753,1
224,"2019-04-08 04:07:51",118,621201921281525500,42.8399,-83.2739,161305,1
225,"2019-04-08 04:07:52",133,1261291280207240126164,42.8397,-83.2738,161855,1
226,"2019-04-08 04:07:53",1068,1400008817600,42.8397,-83.2738,162408,1
227,"2019-04-08 04:07:53",939,200000000,42.8396,-83.2737,162965,1
228,"2019-04-08 04:07:54",118,621071921281525500,42.8396,-83.2737,163514,1
229,"2019-04-08 04:07:54",133,1261471280194176126163,42.8394,-83.2737,164058,1
230,"2019-04-08 04:07:55",531,25525584018065,42.8392,-83.2736,164611,1
231,"2019-04-08 04:07:55",357,162054300000,42.8392,-83.2736,165168,1
232,"2019-04-08 04:07:56",130,122819248158128640,42.8391,-83.2735,165717,1
233,"2019-04-08 04:07:56",357,162054300000,42.8391,-83.2735,166264,1
234,"2019-04-08 04:07:57",133,1261511280186240126163,42.8389,-83.2734,166817,1
235,"2019-04-08 04:07:58",1125,1312027810248327680,42.8389,-83.2734,167364,1
236,"2019-04-08 04:07:58",535,2288227722792267,42.8388,-83.2733,167921,1
237,"2019-04-08 04:07:59",118,621251921281525500,42.8388,-83.2733,168476,1
238,"2019-04-08 04:07:59",1109,00000000,42.8386,-83.2733,169027,1
239,"2019-04-08 04:08:00",357,162054300000,42.8384,-83.2732,169580,1
240,"2019-04-08 04:08:00",535,2213222112221092297,42.8384,-83.2732,170124,1
241,"2019-04-08 04:08:01",535,22121221042212122104,42.8383,-83.2731,170671,1
242,"2019-04-08 04:08:01",146,1111441111561516018769,42.8383,-83.2731,171225,1
243,"2019-04-08 04:08:02",891,00000000,42.8381,-83.273,171780,1
244,"2019-04-08 04:08:03",592,12944551431280640,42.8381,-83.273,172337,1
245,"2019-04-08 04:08:03",512,001272401282000,42.838,-83.273,172879,1
246,"2019-04-08 04:08:04",535,22133221332212822124,42.838,-83.273,173431,1
247,"2019-04-08 04:08:04",146,1111711111491516015185,42.8378,-83.2729,173981,1
248,"2019-04-08 04:08:05",1126,3228188101448720,42.8376,-83.2728,174536,1
249,"2019-04-08 04:08:05",357,162054300000,42.8376,-83.2728,175093,1
250,"2019-04-08 04:08:06",534,11613810042130000,42.8375,-83.2727,175645,1
251,"2019-04-08 04:08:06",118,621281921281525500,42.8375,-83.2727,176192,1
252,"2019-04-08 04:08:07",578,201043226222001,42.8373,-83.2727,176744,1
253,"2019-04-08 04:08:07",71,320000000,42.8373,-83.2727,177297,1
254,"2019-04-08 04:08:08",133,1261521280188192126163,42.8371,-83.2726,177847,1
255,"2019-04-08 04:08:09",592,1281235514300240,42.8371,-83.2726,178390,1
256,"2019-04-08 04:08:09",1086,01371600000,42.837,-83.2725,178947,1
257,"2019-04-08 04:08:10",118,621261921281525500,42.837,-83.2725,179498,1
258,"2019-04-08 04:08:10",133,1261371280205144126164,42.8368,-83.2724,180045,1
259,"2019-04-08 04:08:11",357,162054300000,42.8367,-83.2724,180598,1
260,"2019-04-08 04:08:11",118,621161921281525500,42.8367,-83.2724,181155,1
261,"2019-04-08 04:08:12",130,138819248158128640,42.8365,-83.2723,181702,1
262,"2019-04-08 04:08:12",118,621381921281525500,42.8365,-83.2723,182255,1
263,"2019-04-08 04:08:13",514,48010409613626133,42.8363,-83.2722,182808,1
264,"2019-04-08 04:08:13",65,00000000,42.8363,-83.2722,183361,1
265,"2019-04-08 04:08:14",514,4828009613626134,42.8362,-83.2721,183913,1
266,"2019-04-08 04:08:15",532,000000248112,42.8362,-83.2721,184455,1
267,"2019-04-08 04:08:15",535,22176221772215022151,42.836,-83.2721,185006,1
268,"2019-04-08 04:08:16",535,22169221742215722160,42.8358,-83.272,185553,1
269,"2019-04-08 04:08:16",532,000000245160,42.8358,-83.272,186108,1
270,"2019-04-08 04:08:17",1068,1400008817600,42.8357,-83.2719,186663,1
271,"2019-04-08 04:08:17",950,80500000,42.8357,-83.2719,187210,1
272,"2019-04-08 04:08:18",535,22153221522215122149,42.8355,-83.2718,187759,1
273,"2019-04-08 04:08:18",1076,3522620015255083,42.8355,-83.2718,188302,1
274,"2019-04-08 04:08:19",535,22151221422215222145,42.8353,-83.2718,188856,1
275,"2019-04-08 04:08:20",1200,2550128024000240,42.8353,-83.2718,189408,1
276,"2019-04-08 04:08:20",532,000000244176,42.8352,-83.2717,189963,1
277,"2019-04-08 04:08:21",1045,26129236868080,42.8352,-83.2717,190515,1
278,"2019-04-08 04:08:21",145,2552541279122253480,42.835,-83.2716,191062,1
279,"2019-04-08 04:08:22",1085,040147670000,42.8348,-83.2715,191612,1
280,"2019-04-08 04:08:22",357,162054300000,42.8348,-83.2715,192166,1
281,"2019-04-08 04:08:23",118,621281921281525500,42.8347,-83.2715,192714,1
282,"2019-04-08 04:08:23",535,22151221502214322135,42.8347,-83.2715,193261,1
283,"2019-04-08 04:08:24",359,1141281216026230,42.8345,-83.2714,193814,1
284,"2019-04-08 04:08:25",359,1141281016026210,42.8345,-83.2714,194369,1
285,"2019-04-08 04:08:25",531,2552558401725565,42.8344,-83.2713,194920,1
286,"2019-04-08 04:08:26",133,126167128018316126164,42.8344,-83.2713,195471,1
287,"2019-04-08 04:08:26",357,162054300000,42.8342,-83.2712,196022,1
288,"2019-04-08 04:08:27",133,1261611280175240126164,42.834,-83.2712,196578,1
289,"2019-04-08 04:08:27",65,00000000,42.834,-83.2712,197125,1
290,"2019-04-08 04:08:28",592,12488551431280640,42.8339,-83.2711,197682,1
291,"2019-04-08 04:08:28",65,00000000,42.8339,-83.2711,198224,1
292,"2019-04-08 04:08:29",118,621291921281525500,42.8337,-83.271,198776,1
293,"2019-04-08 04:08:29",342,1510003000,42.8337,-83.271,199318,1
294,"2019-04-08 04:08:30",118,621281921281525500,42.8335,-83.2709,199871,1
295,"2019-04-08 04:08:31",357,162054300000,42.8335,-83.2709,200416,1
296,"2019-04-08 04:08:31",514,4676409613626151,42.8334,-83.2709,200969,1
297,"2019-04-08 04:08:32",359,1141281216026240,42.8334,-83.2709,201516,1
298,"2019-04-08 04:08:32",118,621281921281525500,42.8332,-83.2708,202067,1
299,"2019-04-08 04:08:33",133,1261631280175208126164,42.833,-83.2707,202618,1
300,"2019-04-08 04:08:33",514,4822409613626141,42.833,-83.2707,203171,1
301,"2019-04-08 04:08:34",145,2552541279137238480,42.8329,-83.2706,203728,1
302,"2019-04-08 04:08:34",357,162054300000,42.8329,-83.2706,204279,1
303,"2019-04-08 04:08:35",145,2552541262444992480,42.8327,-83.2705,204832,1
304,"2019-04-08 04:08:36",535,22158221492214222146,42.8327,-83.2705,205379,1
305,"2019-04-08 04:08:36",71,320000000,42.8326,-83.2704,205933,1
306,"2019-04-08 04:08:37",531,25525584018065,42.8326,-83.2704,206488,1
307,"2019-04-08 04:08:37",71,320000000,42.8324,-83.2703,207031,1
308,"2019-04-08 04:08:38",514,4759609613626139,42.8322,-83.2703,207580,1
309,"2019-04-08 04:08:38",118,621281921281525500,42.8322,-83.2703,208123,1
310,"2019-04-08 04:08:39",145,255254126239182220480,42.8321,-83.2702,208674,1
311,"2019-04-08 04:08:39",145,25525412624512119480,42.8321,-83.2702,209227,1
312,"2019-04-08 04:08:40",133,1261631280179144126164,42.8319,-83.2701,209783,1
313,"2019-04-08 04:08:41",514,48012009613626131,42.8319,-83.2701,210338,1
314,"2019-04-08 04:08:41",145,255254126252206183480,42.8318,-83.27,210895,1
315,"2019-04-08 04:08:42",118,621281921281525500,42.8318,-83.27,211447,1
316,"2019-04-08 04:08:42",71,320000000,42.8316,-83.2699,212003,1
317,"2019-04-08 04:08:43",936,00000000,42.8314,-83.2698,212556,1
318,"2019-04-08 04:08:43",71,320000000,42.8314,-83.2698,213099,1
319,"2019-04-08 04:08:44",357,162054300000,42.8313,-83.2698,213642,1
320,"2019-04-08 04:08:44",514,4841609613626140,42.8313,-83.2698,214185,1
321,"2019-04-08 04:08:45",535,22146221542214422140,42.8311,-83.2697,214732,1
322,"2019-04-08 04:08:45",514,481009613626145,42.8311,-83.2697,215283,1
323,"2019-04-08 04:08:46",71,320000000,42.8309,-83.2696,215838,1
324,"2019-04-08 04:08:47",119,26130881272472500,42.8309,-83.2696,216388,1
325,"2019-04-08 04:08:47",65,00000000,42.8308,-83.2695,216931,1
326,"2019-04-08 04:08:48",71,320000000,42.8308,-83.2695,217483,1
327,"2019-04-08 04:08:48",119,2612687127247253255,42.8306,-83.2694,218025,1
328,"2019-04-08 04:08:49",357,162054300000,42.8305,-83.2693,218568,1
329,"2019-04-08 04:08:49",119,2612989127247241255,42.8305,-83.2693,219122,1
330,"2019-04-08 04:08:50",535,22163221522214222151,42.8303,-83.2693,219669,1
331,"2019-04-08 04:08:50",359,1141281516026270,42.8303,-83.2693,220223,1
332,"2019-04-08 04:08:51",592,124123551170741040,42.8301,-83.2692,220777,1
333,"2019-04-08 04:08:51",74,200240000,42.8301,-83.2692,221328,1
334,"2019-04-08 04:08:52",1068,1400008817600,42.83,-83.2691,221881,1
335,"2019-04-08 04:08:53",71,320000000,42.83,-83.2691,222424,1
336,"2019-04-08 04:08:53",514,4831609613626141,42.8298,-83.269,222973,1
337,"2019-04-08 04:08:54",74,200240000,42.8298,-83.269,223516,1
338,"2019-04-08 04:08:54",357,162054300000,42.8297,-83.269,224067,1
339,"2019-04-08 04:08:55",357,162054300000,42.8295,-83.2689,224610,1
340,"2019-04-08 04:08:55",560,80600144000,42.8295,-83.2689,225157,1
341,"2019-04-08 04:08:56",516,1920125381000,42.8293,-83.2688,225704,1
342,"2019-04-08 04:08:56",71,320000000,42.8293,-83.2688,226250,1
343,"2019-04-08 04:08:57",514,4821609613626142,42.8292,-83.2687,226798,1
344,"2019-04-08 04:08:57",891,00000000,42.8292,-83.2687,227341,1
345,"2019-04-08 04:08:58",534,2193410659130000,42.829,-83.2686,227892,1
346,"2019-04-08 04:08:59",118,621321921281525500,42.829,-83.2686,228435,1
347,"2019-04-08 04:08:59",994,00000000,42.8289,-83.2686,228986,1
348,"2019-04-08 04:09:00",514,4666409613626152,42.8289,-83.2686,229539,1
349,"2019-04-08 04:09:00",118,621281921281525500,42.8287,-83.2685,230082,1
350,"2019-04-08 04:09:01",66,00000000,42.8286,-83.2684,230633,1
351,"2019-04-08 04:09:01",357,162054300000,42.8286,-83.2684,231186,1
352,"2019-04-08 04:09:02",891,00000000,42.8285,-83.2683,231728,1
353,"2019-04-08 04:09:02",377,2628001661959150,42.8285,-83.2683,232275,1
354,"2019-04-08 04:09:03",359,1141281516026270,42.8283,-83.2682,232818,1
355,"2019-04-08 04:09:04",531,2552558401725465,42.8283,-83.2682,233369,1
356,"2019-04-08 04:09:04",516,1920125379000,42.8282,-83.2681,233920,1
357,"2019-04-08 04:09:05",359,1141281516026270,42.8282,-83.2681,234471,1
358,"2019-04-08 04:09:05",359,1141281516026280,42.8281,-83.268,235019,1
359,"2019-04-08 04:09:06",535,22147221472213322142,42.828,-83.2679,235570,1
360,"2019-04-08 04:09:06",75,01922162162162161920,42.828,-83.2679,236121,1
361,"2019-04-08 04:09:07",145,2552541275177202480,42.8279,-83.2678,236675,1
362,"2019-04-08 04:09:07",74,200240000,42.8279,-83.2678,237229,1
363,"2019-04-08 04:09:08",535,2211722132221012258,42.8277,-83.2677,237783,1
364,"2019-04-08 04:09:08",133,126174128017296126163,42.8277,-83.2677,238326,1
365,"2019-04-08 04:09:09",950,80800000,42.8276,-83.2676,238880,1
366,"2019-04-08 04:09:10",936,00000000,42.8276,-83.2676,239436,1
367,"2019-04-08 04:09:10",535,22119221212211122105,42.8275,-83.2675,239979,1
368,"2019-04-08 04:09:11",131,022412800000,42.8275,-83.2675,240522,1
369,"2019-04-08 04:09:11",512,001272391283800,42.8274,-83.2674,241077,1
370,"2019-04-08 04:09:12",71,320000000,42.8273,-83.2673,241624,1
371,"2019-04-08 04:09:12",71,320000000,42.8273,-83.2673,242174,1
372,"2019-04-08 04:09:13",125,00243192063239254,42.8272,-83.2672,242717,1
373,"2019-04-08 04:09:13",819,12824000000,42.8272,-83.2672,243260,1
374,"2019-04-08 04:09:14",342,1390003000,42.8271,-83.2671,243812,1
375,"2019-04-08 04:09:15",560,80600144000,42.8271,-83.2671,244358,1
376,"2019-04-08 04:09:15",560,80600144000,42.827,-83.267,244903,1
377,"2019-04-08 04:09:16",359,114127240160252410,42.827,-83.267,245449,1
378,"2019-04-08 04:09:16",71,320000000,42.8269,-83.2669,245995,1
379,"2019-04-08 04:09:17",133,1262031280125176126176,42.8268,-83.2668,246548,1
380,"2019-04-08 04:09:17",1045,2345240172831831,42.8268,-83.2668,247091,1
381,"2019-04-08 04:09:18",938,032000000,42.8266,-83.2667,247648,1
382,"2019-04-08 04:09:18",357,161954300000,42.8266,-83.2667,248200,1
383,"2019-04-08 04:09:19",133,12754128021112126176,42.8265,-83.2666,248744,1
384,"2019-04-08 04:09:19",1071,1251201128000,42.8265,-83.2666,249291,1
385,"2019-04-08 04:09:20",71,320000000,42.8264,-83.2665,249846,1
386,"2019-04-08 04:09:21",534,114183221151130000,42.8264,-83.2665,250395,1
387,"2019-04-08 04:09:21",357,161954300000,42.8263,-83.2664,250938,1
388,"2019-04-08 04:09:22",535,1886188318781888,42.8263,-83.2664,251491,1
389,"2019-04-08 04:09:22",986,00000000,42.8262,-83.2663,252038,1
390,"2019-04-08 04:09:23",1200,2550128014408245,42.8261,-83.2662,252588,1
391,"2019-04-08 04:09:23",806,129160372021291960200,42.8261,-83.2662,253131,1
392,"2019-04-08 04:09:24",936,00000000,42.826,-83.2661,253683,1
393,"2019-04-08 04:09:24",71,320000000,42.826,-83.2661,254239,1
394,"2019-04-08 04:09:25",514,4140240961102188,42.8259,-83.266,254782,1
395,"2019-04-08 04:09:25",133,1261601280169176126175,42.8259,-83.266,255325,1
396,"2019-04-08 04:09:26",133,126166128018816126160,42.8258,-83.2659,255876,1
397,"2019-04-08 04:09:27",145,25525412624614125480,42.8258,-83.2659,256433,1
398,"2019-04-08 04:09:27",130,125819248158128640,42.8257,-83.2658,256989,1
399,"2019-04-08 04:09:28",145,255254126255152234480,42.8256,-83.2657,257544,1
400,"2019-04-08 04:09:28",357,162053200000,42.8256,-83.2657,258097,1
401,"2019-04-08 04:09:29",118,621191921281525500,42.8255,-83.2657,258653,1
402,"2019-04-08 04:09:29",133,1261611280173176126170,42.8255,-83.2657,259200,1
403,"2019-04-08 04:09:30",560,80600144000,42.8253,-83.2656,259753,1
404,"2019-04-08 04:09:30",118,621291921281525500,42.8253,-83.2656,260310,1
405,"2019-04-08 04:09:31",578,201043217222001,42.8252,-83.2655,260856,1
406,"2019-04-08 04:09:32",71,320000000,42.8252,-83.2655,261409,1
407,"2019-04-08 04:09:32",514,4248809610019198,42.8251,-83.2654,261959,1
408,"2019-04-08 04:09:33",145,25525412713157214480,42.8251,-83.2654,262502,1
409,"2019-04-08 04:09:33",592,128705565221240,42.825,-83.2653,263053,1
410,"2019-04-08 04:09:34",130,1398200158128640,42.8249,-83.2652,263608,1
411,"2019-04-08 04:09:34",71,320000000,42.8249,-83.2652,264158,1
412,"2019-04-08 04:09:35",819,12824000000,42.8248,-83.2651,264709,1
413,"2019-04-08 04:09:35",71,320000000,42.8248,-83.2651,265252,1
414,"2019-04-08 04:09:36",532,000000243192,42.8247,-83.265,265798,1
415,"2019-04-08 04:09:36",133,126182128017148126159,42.8247,-83.265,266341,1
416,"2019-04-08 04:09:37",819,12824000000,42.8246,-83.2649,266888,1
417,"2019-04-08 04:09:38",514,453009610019180,42.8246,-83.2649,267444,1
418,"2019-04-08 04:09:38",592,1287055650741040,42.8245,-83.2648,267990,1
419,"2019-04-08 04:09:39",532,00000025080,42.8244,-83.2647,268539,1
420,"2019-04-08 04:09:39",71,320000000,42.8244,-83.2647,269090,1
421,"2019-04-08 04:09:40",514,4458809610019177,42.8243,-83.2646,269636,1
422,"2019-04-08 04:09:40",357,162053200000,42.8243,-83.2646,270179,1
423,"2019-04-08 04:09:41",145,25525412624513010480,42.8242,-83.2645,270730,1
424,"2019-04-08 04:09:41",145,255254127135065480,42.8242,-83.2645,271277,1
425,"2019-04-08 04:09:42",516,19201252126000,42.8241,-83.2644,271832,1
426,"2019-04-08 04:09:43",359,1141281616026250,42.8241,-83.2644,272385,1
427,"2019-04-08 04:09:43",357,162053200000,42.824,-83.2643,272934,1
428,"2019-04-08 04:09:44",130,124819248158128640,42.824,-83.2643,273485,1
429,"2019-04-08 04:09:44",145,2552541262277484480,42.8239,-83.2642,274032,1
430,"2019-04-08 04:09:45",357,162053200000,42.8237,-83.2641,274585,1
431,"2019-04-08 04:09:45",592,1287055911280440,42.8237,-83.2641,275139,1
432,"2019-04-08 04:09:46",118,621221921281525500,42.8236,-83.264,275686,1
433,"2019-04-08 04:09:46",357,162053200000,42.8236,-83.264,276237,1
434,"2019-04-08 04:09:47",66,00000000,42.8235,-83.2639,276790,1
435,"2019-04-08 04:09:48",130,143819248159128640,42.8235,-83.2639,277337,1
436,"2019-04-08 04:09:48",71,320000000,42.8234,-83.2638,277879,1
437,"2019-04-08 04:09:49",133,1262091280131224126161,42.8234,-83.2638,278432,1
438,"2019-04-08 04:09:49",145,2552541278423268480,42.8233,-83.2637,278975,1
439,"2019-04-08 04:09:50",516,19201252125000,42.8233,-83.2637,279532,1
440,"2019-04-08 04:09:50",1072,3171254104118144,42.8232,-83.2636,280086,1
441,"2019-04-08 04:09:51",357,162053200000,42.8231,-83.2635,280635,1
442,"2019-04-08 04:09:51",145,255254127187931480,42.8231,-83.2635,281187,1
443,"2019-04-08 04:09:52",531,2552558401725565,42.823,-83.2634,281734,1
444,"2019-04-08 04:09:52",71,320000000,42.823,-83.2634,282287,1
445,"2019-04-08 04:09:53",71,320000000,42.8229,-83.2633,282838,1
446,"2019-04-08 04:09:54",531,25525584018265,42.8229,-83.2633,283381,1
447,"2019-04-08 04:09:54",71,320000000,42.8228,-83.2632,283924,1
448,"2019-04-08 04:09:56",145,255254127422102480,42.8228,-83.2632,284472,1
449,"2019-04-08 04:09:56",1085,039137720000,42.8227,-83.2631,285015,1
450,"2019-04-08 04:09:56",71,320000000,42.8227,-83.2631,285517,1
451,"2019-04-08 04:09:56",1045,1917823245821821,42.8226,-83.263,286019,1
452,"2019-04-08 04:09:57",71,320000000,42.8225,-83.2629,286579,1
453,"2019-04-08 04:09:57",133,1261931280130192126180,42.8225,-83.2629,287131,1
454,"2019-04-08 04:09:58",535,16198161851618816193,42.8224,-83.2628,287674,1
455,"2019-04-08 04:09:58",1068,1400008817600,42.8224,-83.2628,288231,1
456,"2019-04-08 04:09:59",819,12824000000,42.8223,-83.2627,288786,1
457,"2019-04-08 04:09:59",514,4575609610019169,42.8223,-83.2627,289335,1
458,"2019-04-08 04:10:00",1085,039137710000,42.8221,-83.2626,289881,1
459,"2019-04-08 04:10:01",71,320000000,42.8221,-83.2626,290432,1
460,"2019-04-08 04:10:01",133,1261781280157208126167,42.822,-83.2625,290980,1
461,"2019-04-08 04:10:02",514,4682409610019162,42.822,-83.2625,291523,1
462,"2019-04-08 04:10:02",133,1261641280174176126166,42.8219,-83.2624,292080,1
463,"2019-04-08 04:10:03",532,000000240240,42.8218,-83.2623,292631,1
464,"2019-04-08 04:10:03",71,320000000,42.8218,-83.2623,293188,1
465,"2019-04-08 04:10:04",118,621391921281525500,42.8217,-83.2622,293735,1
466,"2019-04-08 04:10:04",145,25525412755766480,42.8217,-83.2622,294278,1
467,"2019-04-08 04:10:05",118,621291921281525500,42.8215,-83.2621,294831,1
468,"2019-04-08 04:10:06",535,16203161981619216197,42.8215,-83.2621,295383,1
469,"2019-04-08 04:10:06",369,84108000000,42.8214,-83.262,295936,1
470,"2019-04-08 04:10:07",130,1268200159128640,42.8214,-83.262,296491,1
471,"2019-04-08 04:10:07",130,117819248159128640,42.8213,-83.2618,297037,1
472,"2019-04-08 04:10:08",535,16185161751617316173,42.8211,-83.2617,297588,1
473,"2019-04-08 04:10:08",130,127819248158128640,42.8211,-83.2617,298141,1
474,"2019-04-08 04:10:09",535,16176161821617016166,42.821,-83.2616,298696,1
475,"2019-04-08 04:10:09",130,127819248158128640,42.821,-83.2616,299249,1
476,"2019-04-08 04:10:10",535,16187161811617616173,42.8209,-83.2615,299804,1
477,"2019-04-08 04:10:11",119,191477254127247245252,42.8209,-83.2615,300356,1
478,"2019-04-08 04:10:11",578,201043235222001,42.8207,-83.2614,300911,1
479,"2019-04-08 04:10:12",133,126171128017716126166,42.8207,-83.2614,301467,1
480,"2019-04-08 04:10:12",71,320000000,42.8206,-83.2612,302017,1
481,"2019-04-08 04:10:13",130,1358200159128640,42.8205,-83.2611,302573,1
482,"2019-04-08 04:10:13",118,621291921281525500,42.8205,-83.2611,303116,1
483,"2019-04-08 04:10:14",1085,039138710000,42.8203,-83.261,303667,1
484,"2019-04-08 04:10:14",532,000000244176,42.8203,-83.261,304220,1
485,"2019-04-08 04:10:15",131,022412800000,42.8202,-83.2609,304768,1
486,"2019-04-08 04:10:15",130,116819248158128640,42.8202,-83.2609,305315,1
487,"2019-04-08 04:10:16",131,022412800000,42.82,-83.2607,305862,1
488,"2019-04-08 04:10:17",560,80600144000,42.82,-83.2607,306415,1
489,"2019-04-08 04:10:17",130,1418200159128640,42.8199,-83.2606,306962,1
490,"2019-04-08 04:10:18",71,320000000,42.8199,-83.2606,307508,1
491,"2019-04-08 04:10:18",357,802053200000,42.8198,-83.2605,308059,1
492,"2019-04-08 04:10:19",1045,221232409572537253,42.8196,-83.2604,308602,1
493,"2019-04-08 04:10:19",936,00000000,42.8196,-83.2604,309149,1
494,"2019-04-08 04:10:20",65,00000000,42.8195,-83.2602,309703,1
495,"2019-04-08 04:10:20",71,320000000,42.8195,-83.2602,310246,1
496,"2019-04-08 04:10:21",535,2077208420622070,42.8194,-83.2601,310788,1
497,"2019-04-08 04:10:21",130,121819248158128640,42.8194,-83.2601,311331,1
498,"2019-04-08 04:10:22",118,621241921281525500,42.8192,-83.26,311882,1
499,"2019-04-08 04:10:23",951,00005423224176,42.8192,-83.26,312435,1
500,"2019-04-08 04:10:23",1068,1400008817600,42.8191,-83.2599,312988,1
501,"2019-04-08 04:10:24",357,162054100000,42.8191,-83.2599,313537,1
502,"2019-04-08 04:10:24",130,1138200158128640,42.819,-83.2598,314086,1
503,"2019-04-08 04:10:25",118,621141921281525500,42.8188,-83.2596,314633,1
504,"2019-04-08 04:10:25",597,32012824012711800,42.8188,-83.2596,315184,1
505,"2019-04-08 04:10:26",535,2148213721292136,42.8187,-83.2595,315737,1
506,"2019-04-08 04:10:26",71,320000000,42.8187,-83.2595,316288,1
507,"2019-04-08 04:10:27",145,25525412744822480,42.8185,-83.2594,316839,1
508,"2019-04-08 04:10:28",133,126187128015680126167,42.8185,-83.2594,317382,1
509,"2019-04-08 04:10:28",118,621211921281525500,42.8184,-83.2593,317934,1
510,"2019-04-08 04:10:29",357,162054100000,42.8184,-83.2593,318490,1
511,"2019-04-08 04:10:29",535,21105219721922186,42.8183,-83.2591,319043,1
512,"2019-04-08 04:10:30",357,162054100000,42.8181,-83.259,319590,1
513,"2019-04-08 04:10:30",130,1258200158128640,42.8181,-83.259,320142,1
514,"2019-04-08 04:10:31",1076,3510720015255083,42.818,-83.2589,320689,1
515,"2019-04-08 04:10:31",560,80600144000,42.818,-83.2589,321240,1
516,"2019-04-08 04:10:32",532,000000242208,42.8179,-83.2588,321792,1
517,"2019-04-08 04:10:32",535,21139211292112421121,42.8179,-83.2588,322338,1
518,"2019-04-08 04:10:33",516,1920125339000,42.8177,-83.2586,322885,1
519,"2019-04-08 04:10:34",1045,25582081658989,42.8177,-83.2586,323440,1
520,"2019-04-08 04:10:34",130,123819248158128640,42.8176,-83.2585,323988,1
521,"2019-04-08 04:10:35",357,162054100000,42.8176,-83.2585,324538,1
522,"2019-04-08 04:10:35",535,21137211362111321125,42.8175,-83.2584,325091,1
523,"2019-04-08 04:10:36",514,41511040961292563,42.8173,-83.2583,325638,1
524,"2019-04-08 04:10:36",71,320000000,42.8173,-83.2583,326193,1
525,"2019-04-08 04:10:37",145,25525412717146221480,42.8172,-83.2581,326745,1
526,"2019-04-08 04:10:37",936,00000000,42.8172,-83.2581,327288,1
527,"2019-04-08 04:10:38",1109,00000000,42.8171,-83.258,327843,1
528,"2019-04-08 04:10:39",597,32012824012711800,42.8171,-83.258,328386,1
529,"2019-04-08 04:10:39",514,4174320961292549,42.8169,-83.2579,328930,1
530,"2019-04-08 04:10:40",71,320000000,42.8169,-83.2579,329482,1
531,"2019-04-08 04:10:40",512,001272391282500,42.8168,-83.2577,330033,1
532,"2019-04-08 04:10:41",535,21104219721842188,42.8167,-83.2576,330576,1
533,"2019-04-08 04:10:41",118,621321921281525500,42.8167,-83.2576,331126,1
534,"2019-04-08 04:10:42",535,21932110721892190,42.8165,-83.2575,331678,1
535,"2019-04-08 04:10:42",146,111204111154151601980,42.8165,-83.2575,332230,1
536,"2019-04-08 04:10:43",936,00000000,42.8164,-83.2573,332782,1
537,"2019-04-08 04:10:43",118,621251921281525500,42.8164,-83.2573,333338,1
538,"2019-04-08 04:10:44",535,21118211182110021104,42.8162,-83.2572,333881,1
539,"2019-04-08 04:10:45",125,0025164063239254,42.8162,-83.2572,334434,1
540,"2019-04-08 04:10:45",560,80600144000,42.8161,-83.2571,334989,1
541,"2019-04-08 04:10:46",130,1318200159128640,42.8161,-83.2571,335540,1
542,"2019-04-08 04:10:46",71,320000000,42.8159,-83.2569,336086,1
543,"2019-04-08 04:10:47",357,162054100000,42.8158,-83.2568,336637,1
544,"2019-04-08 04:10:47",592,1282115591211440,42.8158,-83.2568,337180,1
545,"2019-04-08 04:10:48",534,251295163130000,42.8156,-83.2567,337727,1
546,"2019-04-08 04:10:48",357,162054100000,42.8156,-83.2567,338278,1
547,"2019-04-08 04:10:49",535,21129211262110721116,42.8155,-83.2565,338828,1
548,"2019-04-08 04:10:50",130,1308200159128640,42.8155,-83.2565,339375,1
549,"2019-04-08 04:10:50",118,621281921281525500,42.8153,-83.2564,339930,1
550,"2019-04-08 04:10:51",133,1261771280152144126177,42.8153,-83.2564,340481,1
551,"2019-04-08 04:10:51",535,21125211252111321121,42.8152,-83.2563,341034,1
552,"2019-04-08 04:10:52",358,16200164000,42.815,-83.2561,341591,1
553,"2019-04-08 04:10:52",118,621261921281525500,42.815,-83.2561,342146,1
554,"2019-04-08 04:10:53",806,129160371951291960200,42.8149,-83.256,342692,1
555,"2019-04-08 04:10:53",118,621301921281525500,42.8149,-83.256,343245,1
556,"2019-04-08 04:10:54",806,129160371951291960200,42.8147,-83.2558,343801,1
557,"2019-04-08 04:10:55",71,320000000,42.8147,-83.2558,344354,1
558,"2019-04-08 04:10:55",535,21149211442112121133,42.8146,-83.2557,344910,1
559,"2019-04-08 04:10:56",357,162054100000,42.8146,-83.2557,345453,1
560,"2019-04-08 04:10:56",357,162054100000,42.8144,-83.2556,346008,1
561,"2019-04-08 04:10:57",132,19009810300,42.8143,-83.2554,346555,1
562,"2019-04-08 04:10:57",71,320000000,42.8143,-83.2554,347102,1
563,"2019-04-08 04:10:58",145,2552541262271580480,42.8141,-83.2553,347648,1
564,"2019-04-08 04:10:58",118,621281921281525500,42.8141,-83.2553,348190,1
565,"2019-04-08 04:10:59",862,019208116282480,42.814,-83.2551,348744,1
566,"2019-04-08 04:10:59",118,621281921281525500,42.814,-83.2551,349297,1
567,"2019-04-08 04:11:00",1068,1400008817600,42.8138,-83.255,349847,1
568,"2019-04-08 04:11:01",66,00000000,42.8138,-83.255,350400,1
569,"2019-04-08 04:11:01",118,621281921281525500,42.8137,-83.2549,350949,1
570,"2019-04-08 04:11:02",1069,0295000960,42.8137,-83.2549,351491,1
571,"2019-04-08 04:11:02",130,126819248158128640,42.8135,-83.2547,352044,1
572,"2019-04-08 04:11:03",516,19201253124000,42.8133,-83.2546,352590,1
573,"2019-04-08 04:11:03",531,25525584018265,42.8133,-83.2546,353143,1
574,"2019-04-08 04:11:04",377,2653001664111122,42.8132,-83.2544,353692,1
575,"2019-04-08 04:11:04",359,1141283016026480,42.8132,-83.2544,354241,1
576,"2019-04-08 04:11:05",532,000000242208,42.813,-83.2543,354792,1
577,"2019-04-08 04:11:05",891,00000000,42.813,-83.2543,355343,1
578,"2019-04-08 04:11:06",118,621281921281525500,42.8129,-83.2542,355890,1
579,"2019-04-08 04:11:07",1077,403224159114010,42.8129,-83.2542,356433,1
580,"2019-04-08 04:11:07",118,621291921281525500,42.8127,-83.254,356986,1
581,"2019-04-08 04:11:08",1077,403216151114010,42.8127,-83.254,357537,1
582,"2019-04-08 04:11:08",1200,255012803200253,42.8126,-83.2539,358090,1
583,"2019-04-08 04:11:09",130,1408200158128640,42.8124,-83.2537,358641,1
584,"2019-04-08 04:11:09",130,1278200159128640,42.8124,-83.2537,359192,1
585,"2019-04-08 04:11:10",592,12526551170741040,42.8123,-83.2536,359743,1
586,"2019-04-08 04:11:10",357,162054600000,42.8123,-83.2536,360294,1
587,"2019-04-08 04:11:11",71,320000000,42.8121,-83.2535,360846,1
588,"2019-04-08 04:11:12",1045,28492441628383,42.8121,-83.2535,361393,1
589,"2019-04-08 04:11:12",592,124141551431280640,42.812,-83.2533,361936,1
590,"2019-04-08 04:11:13",516,19201252175000,42.812,-83.2533,362486,1
591,"2019-04-08 04:11:13",71,320000000,42.8118,-83.2532,363039,1
592,"2019-04-08 04:11:14",535,2428242524172417,42.8117,-83.2531,363588,1
593,"2019-04-08 04:11:14",71,320000000,42.8117,-83.2531,364130,1
594,"2019-04-08 04:11:15",65,00000000,42.8116,-83.253,364681,1
595,"2019-04-08 04:11:15",535,2429241724212423,42.8116,-83.253,365224,1
596,"2019-04-08 04:11:16",516,19201252173000,42.8115,-83.2529,365766,1
597,"2019-04-08 04:11:16",133,126177128017048126165,42.8115,-83.2529,366317,1
598,"2019-04-08 04:11:17",118,621131921281525500,42.8113,-83.2528,366866,1
599,"2019-04-08 04:11:18",560,96600144000,42.8113,-83.2528,367422,1
600,"2019-04-08 04:11:18",125,0025332063239254,42.8113,-83.2527,367975,1
601,"2019-04-08 04:11:19",535,242724262432412,42.8113,-83.2527,368521,1
602,"2019-04-08 04:11:19",145,2552541262217292480,42.8112,-83.2526,369072,1
603,"2019-04-08 04:11:20",133,1261621280176208126164,42.8111,-83.2525,369622,1
604,"2019-04-08 04:11:20",359,1141282616026630,42.8111,-83.2525,370176,1
605,"2019-04-08 04:11:21",512,001272431283500,42.811,-83.2525,370733,1
606,"2019-04-08 04:11:21",145,2552541262478256480,42.811,-83.2525,371284,1
607,"2019-04-08 04:11:22",532,00000025332,42.811,-83.2524,371834,1
608,"2019-04-08 04:11:23",818,192173157445000,42.811,-83.2524,372388,1
609,"2019-04-08 04:11:23",145,2552541270164220480,42.8109,-83.2524,372934,1
610,"2019-04-08 04:11:24",131,022412800000,42.8109,-83.2524,373484,1
611,"2019-04-08 04:11:24",891,00000000,42.8109,-83.2524,374038,1
612,"2019-04-08 04:11:25",131,022412800000,42.8109,-83.2523,374585,1
613,"2019-04-08 04:11:25",74,200240000,42.8109,-83.2523,375128,1
614,"2019-04-08 04:11:26",818,192173157485000,42.8108,-83.2523,375675,1
615,"2019-04-08 04:11:26",74,200240000,42.8108,-83.2523,376218,1
616,"2019-04-08 04:11:27",818,192173157495000,42.8108,-83.2523,376768,1
617,"2019-04-08 04:11:27",66,00000000,42.8108,-83.2523,377311,1
618,"2019-04-08 04:11:28",130,126819248158128640,42.8108,-83.2523,377861,1
619,"2019-04-08 04:11:29",936,00000000,42.8108,-83.2523,378403,1
620,"2019-04-08 04:11:29",818,192173157515000,42.8107,-83.2522,378956,1
621,"2019-04-08 04:11:30",891,00000000,42.8107,-83.2522,379499,1
622,"2019-04-08 04:11:30",938,032000000,42.8106,-83.2522,380048,1
623,"2019-04-08 04:11:31",71,320000000,42.8106,-83.2521,380591,1
624,"2019-04-08 04:11:31",535,19212192121922119217,42.8106,-83.2521,381135,1
625,"2019-04-08 04:11:32",1068,1400008817600,42.8105,-83.252,381678,1
626,"2019-04-08 04:11:32",531,2552558401722965,42.8105,-83.252,382233,1
627,"2019-04-08 04:11:33",514,417809614520214,42.8104,-83.2519,382782,1
628,"2019-04-08 04:11:33",936,00000000,42.8104,-83.2519,383333,1
629,"2019-04-08 04:11:34",71,320000000,42.8103,-83.2518,383883,1
630,"2019-04-08 04:11:35",936,00000000,42.8103,-83.2518,384426,1
631,"2019-04-08 04:11:35",65,00000000,42.8102,-83.2517,384969,1
632,"2019-04-08 04:11:36",357,3219546016000,42.8102,-83.2517,385512,1
633,"2019-04-08 04:11:36",516,19201251155000,42.8101,-83.2516,386054,1
634,"2019-04-08 04:11:37",516,19201251151000,42.81,-83.2515,386602,1
635,"2019-04-08 04:11:37",1200,25501280483144138,42.81,-83.2515,387151,1
636,"2019-04-08 04:11:38",516,19201251142000,42.8099,-83.2514,387700,1
637,"2019-04-08 04:11:38",130,1108200159128640,42.8099,-83.2514,388253,1
638,"2019-04-08 04:11:39",936,00000000,42.8097,-83.2513,388802,1
639,"2019-04-08 04:11:39",130,124819248158128640,42.8097,-83.2513,389353,1
640,"2019-04-08 04:11:40",535,68676865,42.8096,-83.2512,389896,1
641,"2019-04-08 04:11:41",133,126156128018896126165,42.8096,-83.2512,390449,1
642,"2019-04-08 04:11:41",133,1261521280185208126165,42.8095,-83.2511,390992,1
643,"2019-04-08 04:11:42",891,00000000,42.8093,-83.251,391548,1
644,"2019-04-08 04:11:42",359,114128151602630,42.8093,-83.251,392105,1
645,"2019-04-08 04:11:43",359,1141281816026130,42.8092,-83.2508,392648,1
646,"2019-04-08 04:11:43",131,022412800000,42.8092,-83.2508,393198,1
647,"2019-04-08 04:11:44",516,1921961252218000,42.8091,-83.2507,393749,1
648,"2019-04-08 04:11:44",71,320000000,42.8091,-83.2507,394296,1
649,"2019-04-08 04:11:45",71,320000000,42.8089,-83.2506,394847,1
650,"2019-04-08 04:11:46",532,000000240240,42.8089,-83.2506,395390,1
651,"2019-04-08 04:11:46",66,00000000,42.8088,-83.2504,395932,1
652,"2019-04-08 04:11:47",118,621381921281525500,42.8088,-83.2504,396479,1
653,"2019-04-08 04:11:47",818,192173157695000,42.8086,-83.2503,397021,1
654,"2019-04-08 04:11:48",862,019207116385480,42.8085,-83.2501,397574,1
655,"2019-04-08 04:11:48",71,320000000,42.8085,-83.2501,398124,1
656,"2019-04-08 04:11:49",71,320000000,42.8083,-83.25,398674,1
657,"2019-04-08 04:11:49",118,621471921281525500,42.8083,-83.25,399217,1
658,"2019-04-08 04:11:50",512,0012723312817100,42.8081,-83.2499,399760,1
659,"2019-04-08 04:11:50",65,00000000,42.8081,-83.2499,400313,1
660,"2019-04-08 04:11:51",1068,1400008817600,42.808,-83.2497,400864,1
661,"2019-04-08 04:11:52",66,00000000,42.808,-83.2497,401406,1
662,"2019-04-08 04:11:52",516,1922321254200000,42.8078,-83.2496,401955,1
663,"2019-04-08 04:11:53",359,1141288616026870,42.8078,-83.2496,402497,1
664,"2019-04-08 04:11:53",74,200240000,42.8076,-83.2495,403048,1
665,"2019-04-08 04:11:54",592,124175565001640,42.8074,-83.2494,403599,1
666,"2019-04-08 04:11:54",516,1922191253241000,42.8074,-83.2494,404142,1
667,"2019-04-08 04:11:55",71,320000000,42.8072,-83.2492,404692,1
668,"2019-04-08 04:11:55",118,621291921281525500,42.8072,-83.2492,405243,1
669,"2019-04-08 04:11:56",130,1338200159128640,42.807,-83.2491,405786,1
670,"2019-04-08 04:11:56",516,192242125384000,42.807,-83.2491,406339,1
671,"2019-04-08 04:11:57",357,161954600000,42.8068,-83.249,406890,1
672,"2019-04-08 04:11:58",357,161954600000,42.8068,-83.249,407440,1
673,"2019-04-08 04:11:58",71,320000000,42.8066,-83.2489,407987,1
674,"2019-04-08 04:11:59",71,320000000,42.8066,-83.2489,408534,1
675,"2019-04-08 04:11:59",535,21237212372121821222,42.8064,-83.2488,409077,1
676,"2019-04-08 04:12:00",145,255254127117047480,42.8062,-83.2487,409620,1
677,"2019-04-08 04:12:00",357,161954600000,42.8062,-83.2487,410175,1
678,"2019-04-08 04:12:01",819,12824000000,42.806,-83.2486,410728,1
679,"2019-04-08 04:12:01",535,2355235623272333,42.806,-83.2486,411275,1
680,"2019-04-08 04:12:02",357,161954600000,42.8058,-83.2485,411821,1
681,"2019-04-08 04:12:03",1076,3514020015255083,42.8058,-83.2485,412372,1
682,"2019-04-08 04:12:03",535,2372237323662360,42.8055,-83.2484,412919,1
683,"2019-04-08 04:12:04",132,190098111000,42.8055,-83.2484,413470,1
684,"2019-04-08 04:12:04",118,621231921281525500,42.8053,-83.2483,414021,1
685,"2019-04-08 04:12:05",531,25525584018565,42.8051,-83.2482,414568,1
686,"2019-04-08 04:12:05",357,161954600000,42.8051,-83.2482,415121,1
687,"2019-04-08 04:12:06",1045,296222815272327232,42.8048,-83.2482,415670,1
688,"2019-04-08 04:12:06",71,320000000,42.8048,-83.2482,416217,1
689,"2019-04-08 04:12:07",71,320000000,42.8046,-83.2481,416771,1
690,"2019-04-08 04:12:07",118,62961921281525500,42.8046,-83.2481,417314,1
691,"2019-04-08 04:12:08",130,110819248158128640,42.8044,-83.248,417857,1
692,"2019-04-08 04:12:09",71,320000000,42.8044,-83.248,418409,1
693,"2019-04-08 04:12:09",818,192173157915000,42.8041,-83.248,418962,1
694,"2019-04-08 04:12:10",516,19201252247000,42.8041,-83.248,419505,1
695,"2019-04-08 04:12:10",71,320000000,42.8039,-83.248,420055,1
696,"2019-04-08 04:12:11",891,00000000,42.8037,-83.2479,420604,1
697,"2019-04-08 04:12:11",146,1111391111911516057169,42.8037,-83.2479,421147,1
698,"2019-04-08 04:12:12",535,271292712027852786,42.8034,-83.2479,421690,1
699,"2019-04-08 04:12:12",130,121819248158128640,42.8034,-83.2479,422247,1
700,"2019-04-08 04:12:13",512,0012724212811000,42.8032,-83.2479,422800,1
701,"2019-04-08 04:12:14",342,1490003000,42.8032,-83.2479,423353,1
702,"2019-04-08 04:12:14",369,100108000000,42.8029,-83.2478,423904,1
703,"2019-04-08 04:12:15",535,28172281562815528136,42.8029,-83.2478,424449,1
704,"2019-04-08 04:12:15",118,621091921281525500,42.8027,-83.2478,424996,1
705,"2019-04-08 04:12:16",359,11412880160261630,42.8025,-83.2478,425551,1
706,"2019-04-08 04:12:16",145,25525412618947149480,42.8025,-83.2478,426104,1
707,"2019-04-08 04:12:17",118,621141921281525500,42.8022,-83.2477,426656,1
708,"2019-04-08 04:12:17",118,621091921281525500,42.8022,-83.2477,427211,1
709,"2019-04-08 04:12:18",74,200240000,42.802,-83.2477,427764,1
710,"2019-04-08 04:12:18",535,301243011730913079,42.802,-83.2477,428317,1
711,"2019-04-08 04:12:19",357,162456000000,42.8017,-83.2477,428860,1
712,"2019-04-08 04:12:20",119,362472201272471947,42.8017,-83.2477,429412,1
713,"2019-04-08 04:12:20",516,19201253100000,42.8015,-83.2476,429959,1
714,"2019-04-08 04:12:21",118,621051921281525500,42.8015,-83.2476,430512,1
715,"2019-04-08 04:12:21",936,00000000,42.8013,-83.2476,431061,1
716,"2019-04-08 04:12:22",119,3614772231272471941,42.801,-83.2476,431614,1
717,"2019-04-08 04:12:22",535,3177316931553148,42.801,-83.2476,432157,1
718,"2019-04-08 04:12:23",125,0024996063239254,42.8008,-83.2475,432711,1
719,"2019-04-08 04:12:23",535,31112318431803167,42.8008,-83.2475,433262,1
720,"2019-04-08 04:12:24",806,129160371921291960200,42.8005,-83.2475,433813,1
721,"2019-04-08 04:12:25",71,320000000,42.8005,-83.2475,434365,1
722,"2019-04-08 04:12:25",71,320000000,42.8003,-83.2474,434921,1
723,"2019-04-08 04:12:26",71,320000000,42.8003,-83.2474,435464,1
724,"2019-04-08 04:12:26",535,3199317831773163,42.8001,-83.2474,436007,1
725,"2019-04-08 04:12:27",534,18410112050130000,42.7998,-83.2474,436550,1
726,"2019-04-08 04:12:27",1045,361932161772437243,42.7998,-83.2474,437101,1
727,"2019-04-08 04:12:28",1076,357420015255083,42.7996,-83.2473,437653,1
728,"2019-04-08 04:12:28",357,162055900000,42.7996,-83.2473,438207,1
729,"2019-04-08 04:12:29",1109,00000000,42.7994,-83.2473,438758,1
730,"2019-04-08 04:12:29",145,255254126234226181480,42.7994,-83.2473,439305,1
731,"2019-04-08 04:12:30",1109,00000000,42.7991,-83.2473,439849,1
732,"2019-04-08 04:12:31",118,621311921281525500,42.7991,-83.2473,440405,1
733,"2019-04-08 04:12:31",133,1261591280181128126167,42.7989,-83.2472,440949,1
734,"2019-04-08 04:12:32",66,00000000,42.7989,-83.2472,441502,1
735,"2019-04-08 04:12:32",535,3158315531393135,42.7986,-83.2472,442059,1
736,"2019-04-08 04:12:33",71,320000000,42.7984,-83.2472,442601,1
737,"2019-04-08 04:12:33",146,1111661111441516019254,42.7984,-83.2472,443152,1
738,"2019-04-08 04:12:34",1045,361641925272527252,42.7982,-83.2471,443695,1
739,"2019-04-08 04:12:34",891,00000000,42.7982,-83.2471,444252,1
740,"2019-04-08 04:12:35",357,162055900000,42.7979,-83.2471,444806,1
741,"2019-04-08 04:12:35",66,00000000,42.7979,-83.2471,445348,1
742,"2019-04-08 04:12:36",512,001272431282000,42.7977,-83.2471,445895,1
743,"2019-04-08 04:12:37",357,162055900000,42.7977,-83.2471,446437,1
744,"2019-04-08 04:12:37",71,320000000,42.7975,-83.247,446987,1
745,"2019-04-08 04:12:38",1076,3517620015255083,42.7975,-83.247,447534,1
746,"2019-04-08 04:12:38",130,128819248159128640,42.7972,-83.247,448077,1
747,"2019-04-08 04:12:39",118,621281921281525500,42.797,-83.247,448629,1
748,"2019-04-08 04:12:39",359,114128716026310,42.797,-83.247,449182,1
749,"2019-04-08 04:12:40",357,162055900000,42.7967,-83.2469,449735,1
750,"2019-04-08 04:12:40",535,3176316031563151,42.7967,-83.2469,450285,1
751,"2019-04-08 04:12:41",359,114128416026260,42.7965,-83.2469,450832,1
752,"2019-04-08 04:12:42",133,1261651280169224126167,42.7965,-83.2469,451383,1
753,"2019-04-08 04:12:42",357,162055900000,42.7963,-83.2469,451933,1
754,"2019-04-08 04:12:43",118,621321921281525500,42.7963,-83.2469,452490,1
755,"2019-04-08 04:12:43",65,00000000,42.796,-83.2468,453037,1
756,"2019-04-08 04:12:44",936,00000000,42.7958,-83.2468,453590,1
757,"2019-04-08 04:12:44",516,19201253108000,42.7958,-83.2468,454132,1
758,"2019-04-08 04:12:45",118,621281921281525500,42.7956,-83.2467,454675,1
759,"2019-04-08 04:12:45",71,320000000,42.7956,-83.2467,455224,1
760,"2019-04-08 04:12:46",936,00000000,42.7953,-83.2467,455777,1
761,"2019-04-08 04:12:46",359,114128216026230,42.7953,-83.2467,456320,1
762,"2019-04-08 04:12:47",1045,36152208608181,42.7951,-83.2467,456863,1
763,"2019-04-08 04:12:48",535,3140314431353132,42.7951,-83.2467,457413,1
764,"2019-04-08 04:12:48",71,320000000,42.7949,-83.2467,457963,1
765,"2019-04-08 04:12:49",71,320000000,42.7949,-83.2467,458514,1
766,"2019-04-08 04:12:49",342,1490003000,42.7946,-83.2466,459057,1
767,"2019-04-08 04:12:50",818,1921731571325000,42.7944,-83.2466,459600,1
768,"2019-04-08 04:12:50",118,621281921281525500,42.7944,-83.2466,460145,1
769,"2019-04-08 04:12:51",130,119819248159128640,42.7941,-83.2466,460696,1
770,"2019-04-08 04:12:51",516,19201253103000,42.7941,-83.2466,461248,1
771,"2019-04-08 04:12:52",130,1208200159128640,42.7939,-83.2465,461801,1
772,"2019-04-08 04:12:52",71,320000000,42.7939,-83.2465,462350,1
773,"2019-04-08 04:12:53",1085,036149600000,42.7937,-83.2465,462901,1
774,"2019-04-08 04:12:54",514,4128320961873684,42.7937,-83.2465,463444,1
775,"2019-04-08 04:12:54",71,320000000,42.7934,-83.2465,463992,1
776,"2019-04-08 04:12:55",936,00000000,42.7932,-83.2464,464543,1
777,"2019-04-08 04:12:55",1068,1400008817600,42.7932,-83.2464,465086,1
778,"2019-04-08 04:12:56",357,162055900000,42.793,-83.2464,465629,1
779,"2019-04-08 04:12:56",936,00000000,42.793,-83.2464,466178,1
780,"2019-04-08 04:12:57",74,200240000,42.7927,-83.2464,466725,1
781,"2019-04-08 04:12:57",369,100108000000,42.7927,-83.2464,467268,1
782,"2019-04-08 04:12:58",74,200240000,42.7925,-83.2463,467811,1
783,"2019-04-08 04:12:59",560,96600145000,42.7925,-83.2463,468358,1
784,"2019-04-08 04:12:59",359,11412864160261370,42.7923,-83.2463,468901,1
785,"2019-04-08 04:13:00",357,162055900000,42.7923,-83.2463,469447,1
786,"2019-04-08 04:13:00",74,200240000,42.792,-83.2463,469999,1
787,"2019-04-08 04:13:01",357,162055900000,42.7918,-83.2462,470546,1
788,"2019-04-08 04:13:01",71,320000000,42.7918,-83.2462,471089,1
789,"2019-04-08 04:13:02",130,119819248159128640,42.7916,-83.2462,471636,1
790,"2019-04-08 04:13:02",145,255254126255243143480,42.7916,-83.2462,472179,1
791,"2019-04-08 04:13:03",516,1920125399000,42.7914,-83.2462,472732,1
792,"2019-04-08 04:13:03",592,12596551170741040,42.7914,-83.2462,473288,1
793,"2019-04-08 04:13:04",516,19201253103000,42.7912,-83.2461,473836,1
794,"2019-04-08 04:13:05",532,000000242208,42.7912,-83.2461,474388,1
795,"2019-04-08 04:13:05",592,12424755195211440,42.791,-83.2461,474937,1
796,"2019-04-08 04:13:06",534,1821768253130000,42.791,-83.2461,475484,1
797,"2019-04-08 04:13:06",806,129160371931291960200,42.7908,-83.2461,476036,1
798,"2019-04-08 04:13:07",146,1111551111641516016968,42.7907,-83.2461,476587,1
799,"2019-04-08 04:13:07",369,100108000000,42.7907,-83.2461,477142,1
800,"2019-04-08 04:13:08",66,00000000,42.7905,-83.246,477699,1
801,"2019-04-08 04:13:08",514,4289609618736176,42.7905,-83.246,478246,1
802,"2019-04-08 04:13:09",512,001272431284100,42.7903,-83.246,478788,1
803,"2019-04-08 04:13:10",118,621281921281525500,42.7903,-83.246,479339,1
804,"2019-04-08 04:13:10",535,3178318431553164,42.7902,-83.246,479889,1
805,"2019-04-08 04:13:11",118,621271921281525500,42.7902,-83.246,480442,1
806,"2019-04-08 04:13:11",1086,01381600000,42.79,-83.2459,480993,1
807,"2019-04-08 04:13:12",71,320000000,42.79,-83.2459,481546,1
808,"2019-04-08 04:13:12",534,6088614130000,42.7898,-83.2459,482093,1
809,"2019-04-08 04:13:13",357,162535000200,42.7897,-83.2459,482636,1
810,"2019-04-08 04:13:13",936,00000000,42.7897,-83.2459,483184,1
811,"2019-04-08 04:13:14",514,413400961583583,42.7895,-83.2458,483731,1
812,"2019-04-08 04:13:14",66,00000000,42.7895,-83.2458,484274,1
813,"2019-04-08 04:13:15",936,00000000,42.7893,-83.2458,484824,1
814,"2019-04-08 04:13:15",936,00000000,42.7893,-83.2458,485366,1
815,"2019-04-08 04:13:16",71,320000000,42.7892,-83.2458,485909,1
816,"2019-04-08 04:13:17",118,621311921281525500,42.7892,-83.2458,486452,1
817,"2019-04-08 04:13:17",1200,255012803200253,42.789,-83.2457,486995,1
818,"2019-04-08 04:13:18",357,3219550016000,42.789,-83.2457,487548,1
819,"2019-04-08 04:13:18",514,4135400961583379,42.7888,-83.2456,488099,1
820,"2019-04-08 04:13:19",512,0012722812722800,42.7887,-83.2456,488647,1
821,"2019-04-08 04:13:19",71,320000000,42.7887,-83.2456,489198,1
822,"2019-04-08 04:13:20",806,129160371951291960200,42.7885,-83.2455,489749,1
823,"2019-04-08 04:13:20",535,2630263826422641,42.7885,-83.2455,490292,1
824,"2019-04-08 04:13:21",1086,01381600000,42.7883,-83.2454,490848,1
825,"2019-04-08 04:13:22",357,3219550016000,42.7883,-83.2454,491399,1
826,"2019-04-08 04:13:22",1085,044151730000,42.7882,-83.2453,491946,1
827,"2019-04-08 04:13:23",359,114127220160252050,42.7882,-83.2453,492494,1
828,"2019-04-08 04:13:23",532,0000002550,42.788,-83.2452,493041,1
829,"2019-04-08 04:13:24",71,320000000,42.7879,-83.2451,493594,1
830,"2019-04-08 04:13:24",951,003054230245196,42.7879,-83.2451,494139,1
831,"2019-04-08 04:13:25",118,621191921281525500,42.7877,-83.2451,494682,1
832,"2019-04-08 04:13:25",514,420700961332619,42.7877,-83.2451,495232,1
833,"2019-04-08 04:13:26",819,12824000000,42.7876,-83.245,495785,1
834,"2019-04-08 04:13:26",936,00000000,42.7876,-83.245,496335,1
835,"2019-04-08 04:13:27",133,1261721280169112126167,42.7874,-83.2449,496881,1
836,"2019-04-08 04:13:28",357,162054200000,42.7874,-83.2449,497424,1
837,"2019-04-08 04:13:28",133,126190128013980126181,42.7873,-83.2448,497981,1
838,"2019-04-08 04:13:29",357,162054200000,42.7873,-83.2448,498528,1
839,"2019-04-08 04:13:29",66,00000000,42.7871,-83.2447,499084,1
840,"2019-04-08 04:13:30",357,162054200000,42.787,-83.2446,499631,1
841,"2019-04-08 04:13:30",357,162054200000,42.787,-83.2446,500173,1
842,"2019-04-08 04:13:31",534,167133179105130000,42.7868,-83.2445,500720,1
843,"2019-04-08 04:13:31",818,1921731571735000,42.7868,-83.2445,501267,1
844,"2019-04-08 04:13:32",359,114127249160252540,42.7867,-83.2443,501820,1
845,"2019-04-08 04:13:33",1200,255012804808251,42.7867,-83.2443,502371,1
846,"2019-04-08 04:13:33",1200,2550128022400241,42.7865,-83.2442,502924,1
847,"2019-04-08 04:13:34",936,00000000,42.7865,-83.2442,503475,1
848,"2019-04-08 04:13:34",133,1262151280116224126170,42.7864,-83.2441,504027,1
849,"2019-04-08 04:13:35",516,1920125362000,42.7862,-83.244,504570,1
850,"2019-04-08 04:13:35",1109,00000000,42.7862,-83.244,505127,1
851,"2019-04-08 04:13:36",514,42009613325225,42.7861,-83.2438,505675,1
852,"2019-04-08 04:13:36",597,32012824012711800,42.7861,-83.2438,506219,1
853,"2019-04-08 04:13:37",133,126220128012416126170,42.786,-83.2437,506768,1
854,"2019-04-08 04:13:37",936,00000000,42.786,-83.2437,507320,1
855,"2019-04-08 04:13:38",76,169525500000,42.7858,-83.2435,507876,1
856,"2019-04-08 04:13:39",342,1470003000,42.7858,-83.2435,508419,1
857,"2019-04-08 04:13:39",133,1261821280150208126170,42.7857,-83.2434,508964,1
858,"2019-04-08 04:13:40",71,320000000,42.7857,-83.2434,509509,1
859,"2019-04-08 04:13:40",74,200240000,42.7856,-83.2432,510066,1
860,"2019-04-08 04:13:41",133,126162128018316126169,42.7854,-83.2431,510609,1
861,"2019-04-08 04:13:41",71,320000000,42.7854,-83.2431,511152,1
862,"2019-04-08 04:13:42",145,255254126215187239480,42.7853,-83.243,511708,1
863,"2019-04-08 04:13:42",118,621371921281525500,42.7853,-83.243,512251,1
864,"2019-04-08 04:13:43",535,21252212522124221241,42.7852,-83.2428,512807,1
865,"2019-04-08 04:13:44",65,00000000,42.7852,-83.2428,513360,1
866,"2019-04-08 04:13:44",818,1921731571865000,42.785,-83.2427,513915,1
867,"2019-04-08 04:13:45",133,126207128013716126170,42.785,-83.2427,514457,1
868,"2019-04-08 04:13:45",1045,25225248244846846,42.7849,-83.2425,515008,1
869,"2019-04-08 04:13:46",1072,71723102122144,42.7848,-83.2424,515564,1
870,"2019-04-08 04:13:46",936,00000000,42.7848,-83.2424,516117,1
871,"2019-04-08 04:13:47",516,1920125360000,42.7846,-83.2423,516667,1
872,"2019-04-08 04:13:47",130,1538200160128640,42.7846,-83.2423,517210,1
873,"2019-04-08 04:13:48",357,162054200000,42.7845,-83.2421,517758,1
874,"2019-04-08 04:13:48",133,126223128012216126169,42.7845,-83.2421,518309,1
875,"2019-04-08 04:13:49",357,162054200000,42.7844,-83.242,518856,1
876,"2019-04-08 04:13:50",514,42169609613325255,42.7844,-83.242,519412,1
877,"2019-04-08 04:13:50",936,00000000,42.7843,-83.2418,519959,1
878,"2019-04-08 04:13:51",369,84108000000,42.7843,-83.2418,520511,1
879,"2019-04-08 04:13:51",357,162054200000,42.7841,-83.2417,521054,1
880,"2019-04-08 04:13:52",71,320000000,42.784,-83.2416,521600,1
881,"2019-04-08 04:13:52",936,00000000,42.784,-83.2416,522147,1
882,"2019-04-08 04:13:53",819,12824000000,42.7839,-83.2414,522690,1
883,"2019-04-08 04:13:53",71,320000000,42.7839,-83.2414,523233,1
884,"2019-04-08 04:13:54",592,1261755195001640,42.7837,-83.2413,523779,1
885,"2019-04-08 04:13:54",145,255254126243180218480,42.7837,-83.2413,524322,1
886,"2019-04-08 04:13:55",133,126160128018180126169,42.7836,-83.2412,524872,1
887,"2019-04-08 04:13:56",359,1141272541602650,42.7836,-83.2412,525428,1
888,"2019-04-08 04:13:56",342,1470003000,42.7834,-83.241,525984,1
889,"2019-04-08 04:13:57",359,114128416026130,42.7834,-83.241,526535,1
890,"2019-04-08 04:13:57",516,1920125358000,42.7833,-83.2409,527080,1
891,"2019-04-08 04:13:58",66,00000000,42.7831,-83.2408,527630,1
892,"2019-04-08 04:13:58",936,00000000,42.7831,-83.2408,528178,1
893,"2019-04-08 04:13:59",535,21249212532123821243,42.783,-83.2407,528720,1
894,"2019-04-08 04:13:59",71,320000000,42.783,-83.2407,529263,1
895,"2019-04-08 04:14:00",936,00000000,42.7829,-83.2406,529818,1
896,"2019-04-08 04:14:01",936,00000000,42.7829,-83.2406,530361,1
897,"2019-04-08 04:14:01",146,1112151111461516087108,42.7827,-83.2405,530904,1
898,"2019-04-08 04:14:02",71,320000000,42.7827,-83.2405,531447,1
899,"2019-04-08 04:14:02",71,320000000,42.7826,-83.2403,532004,1
900,"2019-04-08 04:14:03",130,1438200159128640,42.7824,-83.2402,532547,1
901,"2019-04-08 04:14:03",534,319421480130000,42.7824,-83.2402,533090,1
902,"2019-04-08 04:14:04",512,001272401281800,42.7823,-83.2401,533641,1
903,"2019-04-08 04:14:04",1200,2550128017600244,42.7823,-83.2401,534191,1
904,"2019-04-08 04:14:05",130,121819248160128640,42.7821,-83.24,534741,1
905,"2019-04-08 04:14:05",133,1261691280168144126169,42.7821,-83.24,535293,1
906,"2019-04-08 04:14:06",357,162054200000,42.782,-83.2399,535846,1
907,"2019-04-08 04:14:07",71,320000000,42.782,-83.2399,536403,1
908,"2019-04-08 04:14:07",535,2282252125321246,42.7818,-83.2398,536950,1
909,"2019-04-08 04:14:08",822,3254022458140,42.7818,-83.2398,537493,1
910,"2019-04-08 04:14:08",130,1318200159128640,42.7816,-83.2398,538044,1
911,"2019-04-08 04:14:09",133,126147128019648126169,42.7815,-83.2397,538592,1
912,"2019-04-08 04:14:09",133,1261411280196144126169,42.7815,-83.2397,539143,1
913,"2019-04-08 04:14:10",1109,00000000,42.7813,-83.2397,539699,1
914,"2019-04-08 04:14:10",130,128819248159128640,42.7813,-83.2397,540256,1
915,"2019-04-08 04:14:11",146,1111591111531516017569,42.7811,-83.2397,540799,1
916,"2019-04-08 04:14:11",74,200240000,42.7811,-83.2397,541352,1
917,"2019-04-08 04:14:12",118,62881921281525500,42.781,-83.2397,541909,1
918,"2019-04-08 04:14:13",535,222122322521252,42.781,-83.2397,542452,1
919,"2019-04-08 04:14:13",806,129160371971291960200,42.7808,-83.2396,543004,1
920,"2019-04-08 04:14:14",531,2552558401725465,42.7806,-83.2396,543554,1
921,"2019-04-08 04:14:14",806,129160371971291960200,42.7806,-83.2396,544110,1
922,"2019-04-08 04:14:15",133,1261221280210208126170,42.7804,-83.2396,544661,1
923,"2019-04-08 04:14:15",359,1141281816026320,42.7804,-83.2396,545217,1
924,"2019-04-08 04:14:16",133,1261591280176176126169,42.7803,-83.2396,545774,1
925,"2019-04-08 04:14:16",133,126163128018216126169,42.7803,-83.2396,546325,1
926,"2019-04-08 04:14:17",118,621491921281525500,42.7801,-83.2396,546882,1
927,"2019-04-08 04:14:18",133,1261831280148240126169,42.7801,-83.2396,547438,1
928,"2019-04-08 04:14:18",118,621281921281525500,42.7799,-83.2396,547991,1
929,"2019-04-08 04:14:19",560,80600144000,42.7798,-83.2396,548548,1
930,"2019-04-08 04:14:19",512,00127240128700,42.7798,-83.2396,549101,1
931,"2019-04-08 04:14:20",531,2552558401725565,42.7796,-83.2395,549647,1
932,"2019-04-08 04:14:20",578,20104323223001,42.7796,-83.2395,550196,1
933,"2019-04-08 04:14:21",130,117819248159128640,42.7794,-83.2395,550747,1
934,"2019-04-08 04:14:21",118,62821921281525500,42.7794,-83.2395,551296,1
935,"2019-04-08 04:14:22",514,4227809613325255,42.7793,-83.2395,551849,1
936,"2019-04-08 04:14:23",357,162054200000,42.7793,-83.2395,552401,1
937,"2019-04-08 04:14:23",1072,31723103118144,42.7791,-83.2395,552952,1
938,"2019-04-08 04:14:24",818,1921731572255000,42.7791,-83.2395,553499,1
939,"2019-04-08 04:14:24",118,612151921281525500,42.7789,-83.2395,554049,1
940,"2019-04-08 04:14:25",130,898208159128640,42.7788,-83.2395,554600,1
941,"2019-04-08 04:14:25",535,2250223223021242,42.7788,-83.2395,555153,1
942,"2019-04-08 04:14:26",125,00247128063239254,42.7786,-83.2395,555703,1
943,"2019-04-08 04:14:26",514,42447209613325230,42.7786,-83.2395,556254,1
944,"2019-04-08 04:14:27",357,162054200000,42.7785,-83.2394,556805,1
945,"2019-04-08 04:14:27",133,1261451280189176126170,42.7785,-83.2394,557357,1
946,"2019-04-08 04:14:28",133,126143128020048126169,42.7784,-83.2394,557904,1
947,"2019-04-08 04:14:29",359,1141281116026210,42.7784,-83.2394,558461,1
948,"2019-04-08 04:14:29",369,84108000000,42.7783,-83.2394,559017,1
949,"2019-04-08 04:14:30",130,135819248159128640,42.7782,-83.2394,559568,1
950,"2019-04-08 04:14:30",936,00000000,42.7782,-83.2394,560114,1
951,"2019-04-08 04:14:31",531,2552558401725365,42.7781,-83.2394,560667,1
952,"2019-04-08 04:14:31",145,25525412737847480,42.7781,-83.2394,561210,1
953,"2019-04-08 04:14:32",130,137819248159128640,42.778,-83.2394,561761,1
954,"2019-04-08 04:14:32",357,162054200000,42.778,-83.2394,562313,1
955,"2019-04-08 04:14:33",133,126170128017348126169,42.778,-83.2394,562866,1
956,"2019-04-08 04:14:34",71,320000000,42.778,-83.2394,563413,1
957,"2019-04-08 04:14:34",1045,25179236378080,42.7779,-83.2393,563969,1
958,"2019-04-08 04:14:35",118,621291921281525500,42.7779,-83.2393,564512,1
959,"2019-04-08 04:14:35",71,320000000,42.7779,-83.2393,565062,1
960,"2019-04-08 04:14:36",357,162054200000,42.7779,-83.2392,565615,1
961,"2019-04-08 04:14:36",578,20104324223001,42.7779,-83.2392,566158,1
962,"2019-04-08 04:14:37",118,621181921281525500,42.7779,-83.2392,566705,1
963,"2019-04-08 04:14:37",66,00000000,42.7779,-83.2392,567254,1
964,"2019-04-08 04:14:38",891,00000000,42.7779,-83.2391,567807,1
965,"2019-04-08 04:14:39",66,00000000,42.7779,-83.2391,568349,1
966,"2019-04-08 04:14:39",359,1141283216026500,42.7778,-83.2391,568892,1
967,"2019-04-08 04:14:40",516,1920125358000,42.7778,-83.2391,569434,1
968,"2019-04-08 04:14:40",516,1920125358000,42.7778,-83.2391,569985,1
969,"2019-04-08 04:14:41",357,3219542016000,42.7778,-83.2391,570533,1
970,"2019-04-08 04:14:41",819,12824000000,42.7778,-83.2391,571081,1
971,"2019-04-08 04:14:42",514,4462409613324179,42.7778,-83.239,571629,1
972,"2019-04-08 04:14:42",342,1470003000,42.7778,-83.239,572175,1
973,"2019-04-08 04:14:43",369,84108000000,42.7778,-83.2391,572726,1
974,"2019-04-08 04:14:43",118,621421921281525500,42.7778,-83.2391,573270,1
975,"2019-04-08 04:14:44",71,320000000,42.7778,-83.2391,573816,1
976,"2019-04-08 04:14:45",1045,1810422012372547254,42.7778,-83.2391,574369,1
977,"2019-04-08 04:14:45",145,25525412620338144480,42.7778,-83.239,574912,1
978,"2019-04-08 04:14:46",125,129216144146191239254,42.7778,-83.239,575467,1
979,"2019-04-08 04:14:46",131,1622412800000,42.7778,-83.239,576022,1
980,"2019-04-08 04:14:47",358,16200164000,42.7778,-83.239,576578,1
981,"2019-04-08 04:14:47",71,320000000,42.7778,-83.239,577126,1
982,"2019-04-08 04:14:48",535,9111910691059104,42.7778,-83.239,577672,1
983,"2019-04-08 04:14:48",1200,25501280484160104,42.7778,-83.239,578215,1
984,"2019-04-08 04:14:49",516,19201251131000,42.7778,-83.239,578766,1
985,"2019-04-08 04:14:49",145,255254127263171480,42.7778,-83.239,579319,1
986,"2019-04-08 04:14:50",357,3219542016000,42.7778,-83.239,579868,1
987,"2019-04-08 04:14:51",532,00000025416,42.7778,-83.239,580421,1
988,"2019-04-08 04:14:51",535,61747966150774,42.7778,-83.239,580969,1
989,"2019-04-08 04:14:52",71,320000000,42.7778,-83.239,581515,1
990,"2019-04-08 04:14:52",146,112139111971516023089,42.7778,-83.239,582064,1
991,"2019-04-08 04:14:53",145,255254135132100144480,42.7778,-83.239,582607,1
992,"2019-04-08 04:14:53",806,129160372001291960200,42.7778,-83.239,583163,1
993,"2019-04-08 04:14:54",133,132149128019016126169,42.7778,-83.239,583719,1
994,"2019-04-08 04:14:54",532,00000025416,42.7778,-83.239,584275,1
995,"2019-04-08 04:14:55",818,19217315815000,42.7778,-83.239,584831,1
996,"2019-04-08 04:14:56",1200,255012801283120136,42.7778,-83.239,585377,1
997,"2019-04-08 04:14:56",130,99819200159128640,42.7778,-83.239,585926,1
998,"2019-04-08 04:14:57",936,00000000,42.7778,-83.239,586480,1
999,"2019-04-08 04:14:57",369,20108000000,42.7778,-83.239,587032,1
1000,"2019-04-08 04:14:58",532,00000025080,42.7778,-83.239,587575,1
1001,"2019-04-08 04:14:58",936,00000000,42.7778,-83.239,588121,1
1002,"2019-04-08 04:14:59",357,3219542016000,42.7778,-83.239,588666,1
1003,"2019-04-08 04:14:59",130,1108208160128640,42.7778,-83.239,589209,1
1004,"2019-04-08 04:15:00",71,320000000,42.7778,-83.239,589757,1
1005,"2019-04-08 04:15:00",535,0136011201280102,42.7778,-83.239,590308,1
1006,"2019-04-08 04:15:01",130,174824124158128640,42.7778,-83.239,590851,1
1007,"2019-04-08 04:15:02",357,3219542016000,42.7778,-83.239,591402,1
1008,"2019-04-08 04:15:02",130,1428204160128640,42.7778,-83.239,591955,1
1009,"2019-04-08 04:15:03",936,00000000,42.7778,-83.239,592503,1
1010,"2019-04-08 04:15:03",514,4252009613300,42.7778,-83.239,593054,1
1011,"2019-04-08 04:15:04",118,62128641281525500,42.7778,-83.239,593597,1
1012,"2019-04-08 04:15:04",71,42278185677500,42.7778,-83.239,594145,1
1013,"2019-04-08 04:15:05",65,00000000,42.7778,-83.239,594697,1
1014,"2019-04-08 04:15:05",535,00000000,42.7778,-83.239,595245,1
1015,"2019-04-08 04:15:06",118,62128641281525500,42.7778,-83.239,595787,1
1016,"2019-04-08 04:15:06",65,00000000,42.7778,-83.239,596330,1
1017,"2019-04-08 04:15:07",118,62128641281525500,42.7778,-83.239,596882,1
1018,"2019-04-08 04:15:08",578,03230240203030,42.7778,-83.239,597424,1
1019,"2019-04-08 04:15:08",118,62128641281525500,42.7778,-83.239,597976,1
1020,"2019-04-08 04:15:09",535,00000000,42.7778,-83.239,598525,1
1021,"2019-04-08 04:15:09",118,62128641281525500,42.7778,-83.239,599077,1
1022,"2019-04-08 04:15:10",531,255255841281725565,42.7778,-83.239,599620,1
1023,"2019-04-08 04:15:10",65,00000000,42.7778,-83.239,600172,1
1024,"2019-04-08 04:15:11",118,62128641281525500,42.7778,-83.239,600725,1
1025,"2019-04-08 04:15:11",118,62128641281525500,42.7778,-83.239,601267,1
1026,"2019-04-08 04:15:12",819,12824000000,42.7778,-83.239,601819,1
1027,"2019-04-08 04:15:13",535,00000000,42.7778,-83.239,602371,1
1028,"2019-04-08 04:15:13",1409,1290255255255255255255,42.7778,-83.239,602917,1
